"account_number","agent_id","source_ip","source_port","destination_ip","destination_port","ip_version","transport_protocol","agent_assigned_process_id","agent_creation_date","timestamp"
"123456789012","o-25zxbz550dvex7b59","192.168.0.200",,"192.168.0.10","22","IPv4","TCP","96B3F74512889156FBA1CBE0166BB67909D8B402","2021-07-03 22:00:42.874","2021-07-03 22:31:14.000"
"123456789012","o-25zxbz550dvex7b59","192.168.0.200",,"192.168.0.10","22","IPv4","TCP","96B3F74512889156FBA1CBE0166BB67909D8B402","2021-07-03 22:15:45.703","2021-07-03 22:43:51.000"
"123456789012","o-6cif0wg3evk5xiw5o","199.19.224.11",,"10.146.0.33","22","IPv4","TCP","250C7EADC94AA37281BCB2BEA0FE8B4B5D2AAB19","2021-07-04 02:02:35.649","2021-07-04 02:27:10.000"
"123456789012","o-25zxbz550dvex7b59","192.168.0.200",,"192.168.0.10","22","IPv4","TCP","96B3F74512889156FBA1CBE0166BB67909D8B402","2021-07-04 02:01:32.207","2021-07-04 02:31:52.000"
"123456789012","o-6cif0wg3evk5xiw5o","209.141.48.127",,"10.146.0.33","22","IPv4","TCP","250C7EADC94AA37281BCB2BEA0FE8B4B5D2AAB19","2021-07-04 02:17:38.589","2021-07-04 02:34:44.000"
"123456789012","o-25zxbz550dvex7b59","192.168.0.200",,"192.168.0.10","22","IPv4","TCP","96B3F74512889156FBA1CBE0166BB67909D8B402","2021-07-04 02:16:34.273","2021-07-04 02:39:28.000"
"123456789012","o-25zxbz550dvex7b59","192.168.0.200",,"192.168.0.10","22","IPv4","TCP","96B3F74512889156FBA1CBE0166BB67909D8B402","2021-07-03 14:59:16.227","2021-07-03 15:18:16.000"
"123456789012","o-25zxbz550dvex7b59","192.168.0.200",,"192.168.0.10","22","IPv4","TCP","96B3F74512889156FBA1CBE0166BB67909D8B402","2021-07-04 02:31:37.811","2021-07-04 02:49:33.000"
"123456789012","o-25zxbz550dvex7b59","192.168.0.200",,"192.168.0.10","22","IPv4","TCP","96B3F74512889156FBA1CBE0166BB67909D8B402","2021-07-04 05:32:13.813","2021-07-04 05:48:53.000"
"123456789012","o-6cif0wg3evk5xiw5o","192.241.214.5",,"10.146.0.33","22","IPv4","TCP","250C7EADC94AA37281BCB2BEA0FE8B4B5D2AAB19","2021-07-04 05:33:17.372","2021-07-04 05:51:34.000"
"123456789012","o-25zxbz550dvex7b59","192.168.0.200",,"192.168.0.10","22","IPv4","TCP","96B3F74512889156FBA1CBE0166BB67909D8B402","2021-07-03 22:30:50.175","2021-07-03 22:59:01.000"
"123456789012","o-25zxbz550dvex7b59","192.168.0.200",,"192.168.0.10","22","IPv4","TCP","96B3F74512889156FBA1CBE0166BB67909D8B402","2021-07-03 22:45:53.397","2021-07-03 23:11:38.000"
"123456789012","o-25zxbz550dvex7b59","192.168.0.200",,"192.168.0.10","22","IPv4","TCP","96B3F74512889156FBA1CBE0166BB67909D8B402","2021-07-03 13:28:54.317","2021-07-03 13:51:30.000"
"123456789012","o-39iqezsdkbdt5j7kf","39.110.130.142",,"172.31.73.78","22","IPv4","TCP","DD4C196D47545A32039F2B0D3B3539645BEACA28","2021-07-03 13:29:44.189","2021-07-03 13:55:21.000"
"123456789012","o-1zafso4q4q212rf51","39.110.130.142",,"172.31.69.91","3389","IPv4","TCP","3817A51875B65202D81682E8398DEA85D237CF42","2021-07-03 13:40:45.386","2021-07-03 13:57:28.000"
"123456789012","o-25zxbz550dvex7b59","192.168.0.200",,"192.168.0.10","22","IPv4","TCP","96B3F74512889156FBA1CBE0166BB67909D8B402","2021-07-03 13:43:58.653","2021-07-03 14:01:36.000"
"123456789012","o-39iqezsdkbdt5j7kf","172.31.69.91",,"172.31.73.78","8080","IPv4","TCP","da39a3ee5e6b4b0d3255bfef95601890afd80709","2021-07-03 13:44:46.254","2021-07-03 14:02:56.000"
"123456789012","o-39iqezsdkbdt5j7kf","172.31.69.91",,"172.31.73.78","8080","IPv4","TCP","6E597356EBCA5C1A3E36C008B21B38DFA6196666","2021-07-03 13:44:46.254","2021-07-03 14:02:56.000"
"123456789012","o-39iqezsdkbdt5j7kf","39.110.130.142",,"172.31.73.78","22","IPv4","TCP","DD4C196D47545A32039F2B0D3B3539645BEACA28","2021-07-03 13:44:46.254","2021-07-03 14:02:56.000"
"123456789012","o-25zxbz550dvex7b59","192.168.0.200",,"192.168.0.10","22","IPv4","TCP","96B3F74512889156FBA1CBE0166BB67909D8B402","2021-07-04 01:31:26.316","2021-07-04 01:55:44.000"
"123456789012","o-25zxbz550dvex7b59","192.168.0.200",,"192.168.0.10","22","IPv4","TCP","96B3F74512889156FBA1CBE0166BB67909D8B402","2021-07-04 01:46:29.589","2021-07-04 02:09:09.000"
"123456789012","o-25zxbz550dvex7b59","192.168.0.200",,"192.168.0.10","22","IPv4","TCP","96B3F74512889156FBA1CBE0166BB67909D8B402","2021-07-03 17:29:49.713","2021-07-03 17:53:30.000"
"123456789012","o-25zxbz550dvex7b59","192.168.0.200",,"192.168.0.10","22","IPv4","TCP","96B3F74512889156FBA1CBE0166BB67909D8B402","2021-07-03 15:14:20.034","2021-07-03 15:38:30.000"
"123456789012","o-25zxbz550dvex7b59","192.168.0.200",,"192.168.0.10","22","IPv4","TCP","96B3F74512889156FBA1CBE0166BB67909D8B402","2021-07-03 15:29:23.037","2021-07-03 15:48:47.000"
"123456789012","o-1zafso4q4q212rf51","39.110.130.142",,"172.31.69.91","3389","IPv4","TCP","3817A51875B65202D81682E8398DEA85D237CF42","2021-07-03 11:25:08.060","2021-07-03 11:45:29.000"
"123456789012","o-25zxbz550dvex7b59","192.168.0.200",,"192.168.0.10","22","IPv4","TCP","96B3F74512889156FBA1CBE0166BB67909D8B402","2021-07-03 11:28:29.636","2021-07-03 11:46:40.000"
"123456789012","o-39iqezsdkbdt5j7kf","39.110.130.142",,"172.31.73.78","22","IPv4","TCP","DD4C196D47545A32039F2B0D3B3539645BEACA28","2021-07-03 11:29:27.978","2021-07-03 11:55:56.000"
"123456789012","o-6cif0wg3evk5xiw5o","209.141.37.3",,"10.146.0.33","22","IPv4","TCP","250C7EADC94AA37281BCB2BEA0FE8B4B5D2AAB19","2021-07-04 04:48:08.524","2021-07-04 05:07:18.000"
"123456789012","o-25zxbz550dvex7b59","192.168.0.200",,"192.168.0.10","22","IPv4","TCP","96B3F74512889156FBA1CBE0166BB67909D8B402","2021-07-04 04:47:05.794","2021-07-04 05:08:32.000"
"123456789012","o-6cif0wg3evk5xiw5o","199.19.226.109",,"10.146.0.33","22","IPv4","TCP","250C7EADC94AA37281BCB2BEA0FE8B4B5D2AAB19","2021-07-04 08:03:46.710","2021-07-04 08:24:40.000"
"123456789012","o-6cif0wg3evk5xiw5o","118.25.7.197",,"10.146.0.33","22","IPv4","TCP","250C7EADC94AA37281BCB2BEA0FE8B4B5D2AAB19","2021-07-04 08:03:46.710","2021-07-04 08:24:40.000"
"123456789012","o-25zxbz550dvex7b59","192.168.0.200",,"192.168.0.10","22","IPv4","TCP","96B3F74512889156FBA1CBE0166BB67909D8B402","2021-07-03 19:00:07.293","2021-07-03 19:26:56.000"
"123456789012","o-25zxbz550dvex7b59","192.168.0.200",,"192.168.0.10","22","IPv4","TCP","96B3F74512889156FBA1CBE0166BB67909D8B402","2021-07-03 19:15:09.313","2021-07-03 19:34:29.000"
"123456789012","o-25zxbz550dvex7b59","192.168.0.200",,"192.168.0.10","22","IPv4","TCP","96B3F74512889156FBA1CBE0166BB67909D8B402","2021-07-03 18:30:00.923","2021-07-03 18:59:10.000"
"123456789012","o-25zxbz550dvex7b59","192.168.0.200",,"192.168.0.10","22","IPv4","TCP","96B3F74512889156FBA1CBE0166BB67909D8B402","2021-07-03 18:45:04.295","2021-07-03 19:06:46.000"
"123456789012","o-25zxbz550dvex7b59","192.168.0.200",,"192.168.0.10","22","IPv4","TCP","96B3F74512889156FBA1CBE0166BB67909D8B402","2021-07-03 21:00:30.788","2021-07-03 21:28:09.000"
"123456789012","o-25zxbz550dvex7b59","192.168.0.200",,"192.168.0.10","22","IPv4","TCP","96B3F74512889156FBA1CBE0166BB67909D8B402","2021-07-03 21:15:33.395","2021-07-03 21:38:15.000"
"123456789012","o-25zxbz550dvex7b59","192.168.0.200",,"192.168.0.10","22","IPv4","TCP","96B3F74512889156FBA1CBE0166BB67909D8B402","2021-07-03 10:58:23.688","2021-07-03 11:26:01.000"
"123456789012","o-25zxbz550dvex7b59","192.168.0.200",,"192.168.0.10","22","IPv4","TCP","96B3F74512889156FBA1CBE0166BB67909D8B402","2021-07-03 11:13:26.765","2021-07-03 11:38:39.000"
"123456789012","o-25zxbz550dvex7b59","192.168.0.200",,"192.168.0.10","22","IPv4","TCP","96B3F74512889156FBA1CBE0166BB67909D8B402","2021-07-03 11:58:35.933","2021-07-03 12:16:56.000"
"123456789012","o-25zxbz550dvex7b59","192.168.0.200",,"192.168.0.10","22","IPv4","TCP","96B3F74512889156FBA1CBE0166BB67909D8B402","2021-07-03 16:59:42.171","2021-07-03 17:19:44.000"
"123456789012","o-25zxbz550dvex7b59","192.168.0.200",,"192.168.0.10","22","IPv4","TCP","96B3F74512889156FBA1CBE0166BB67909D8B402","2021-07-03 17:14:45.604","2021-07-03 17:32:22.000"
"123456789012","o-25zxbz550dvex7b59","192.168.0.200",,"192.168.0.10","22","IPv4","TCP","96B3F74512889156FBA1CBE0166BB67909D8B402","2021-07-03 13:59:02.177","2021-07-03 14:22:17.000"
"123456789012","o-25zxbz550dvex7b59","192.168.0.200",,"192.168.0.10","22","IPv4","TCP","96B3F74512889156FBA1CBE0166BB67909D8B402","2021-07-03 14:14:05.822","2021-07-03 14:34:54.000"
"123456789012","o-25zxbz550dvex7b59","192.168.0.200",,"192.168.0.10","22","IPv4","TCP","96B3F74512889156FBA1CBE0166BB67909D8B402","2021-07-04 05:47:16.189","2021-07-04 06:16:37.000"
"123456789012","o-25zxbz550dvex7b59","192.168.0.200",,"192.168.0.10","22","IPv4","TCP","96B3F74512889156FBA1CBE0166BB67909D8B402","2021-07-04 06:02:18.990","2021-07-04 06:21:39.000"
"123456789012","o-25zxbz550dvex7b59","192.168.0.200",,"192.168.0.10","22","IPv4","TCP","96B3F74512889156FBA1CBE0166BB67909D8B402","2021-07-03 14:44:12.467","2021-07-03 15:03:06.000"
"123456789012","o-25zxbz550dvex7b59","192.168.0.200",,"192.168.0.10","22","IPv4","TCP","96B3F74512889156FBA1CBE0166BB67909D8B402","2021-07-04 03:01:43.983","2021-07-04 03:25:03.000"
"123456789012","o-25zxbz550dvex7b59","192.168.0.200",,"192.168.0.10","22","IPv4","TCP","96B3F74512889156FBA1CBE0166BB67909D8B402","2021-07-04 03:16:48.041","2021-07-04 03:35:10.000"
"123456789012","o-25zxbz550dvex7b59","192.168.0.200",,"192.168.0.10","22","IPv4","TCP","96B3F74512889156FBA1CBE0166BB67909D8B402","2021-07-03 16:44:38.595","2021-07-03 17:04:32.000"
"123456789012","o-25zxbz550dvex7b59","192.168.0.200",,"192.168.0.10","22","IPv4","TCP","96B3F74512889156FBA1CBE0166BB67909D8B402","2021-07-03 20:15:20.989","2021-07-03 20:40:11.000"
"123456789012","o-25zxbz550dvex7b59","192.168.0.200",,"192.168.0.10","22","IPv4","TCP","96B3F74512889156FBA1CBE0166BB67909D8B402","2021-07-03 20:30:23.630","2021-07-03 20:52:49.000"
"123456789012","o-25zxbz550dvex7b59","192.168.0.200",,"192.168.0.10","22","IPv4","TCP","96B3F74512889156FBA1CBE0166BB67909D8B402","2021-07-03 23:31:03.067","2021-07-03 23:57:01.000"
"123456789012","o-25zxbz550dvex7b59","192.168.0.200",,"192.168.0.10","22","IPv4","TCP","96B3F74512889156FBA1CBE0166BB67909D8B402","2021-07-03 23:46:05.861","2021-07-04 00:07:08.000"
"123456789012","o-25zxbz550dvex7b59","192.168.0.200",,"192.168.0.10","22","IPv4","TCP","96B3F74512889156FBA1CBE0166BB67909D8B402","2021-07-03 20:45:26.404","2021-07-03 21:05:27.000"
"123456789012","o-25zxbz550dvex7b59","192.168.0.200",,"192.168.0.10","22","IPv4","TCP","96B3F74512889156FBA1CBE0166BB67909D8B402","2021-07-03 19:30:12.476","2021-07-03 19:52:12.000"
"123456789012","o-25zxbz550dvex7b59","192.168.0.200",,"192.168.0.10","22","IPv4","TCP","96B3F74512889156FBA1CBE0166BB67909D8B402","2021-07-03 15:44:25.852","2021-07-03 16:03:55.000"
"123456789012","o-25zxbz550dvex7b59","192.168.0.200",,"192.168.0.10","22","IPv4","TCP","96B3F74512889156FBA1CBE0166BB67909D8B402","2021-07-03 15:59:28.825","2021-07-03 16:16:33.000"
"123456789012","o-25zxbz550dvex7b59","192.168.0.200",,"192.168.0.10","22","IPv4","TCP","96B3F74512889156FBA1CBE0166BB67909D8B402","2021-07-03 13:13:51.255","2021-07-03 13:36:22.000"
"123456789012","o-1zafso4q4q212rf51","39.110.130.142",,"172.31.69.91","3389","IPv4","TCP","3817A51875B65202D81682E8398DEA85D237CF42","2021-07-03 13:25:19.173","2021-07-03 13:49:52.000"
"123456789012","o-25zxbz550dvex7b59","192.168.0.200",,"192.168.0.10","22","IPv4","TCP","96B3F74512889156FBA1CBE0166BB67909D8B402","2021-07-03 11:43:33.059","2021-07-03 12:01:48.000"
"123456789012","o-1zafso4q4q212rf51","39.110.130.142",,"172.31.69.91","3389","IPv4","TCP","3817A51875B65202D81682E8398DEA85D237CF42","2021-07-03 11:40:10.371","2021-07-03 12:10:45.000"
"123456789012","o-25zxbz550dvex7b59","192.168.0.200",,"192.168.0.10","22","IPv4","TCP","96B3F74512889156FBA1CBE0166BB67909D8B402","2021-07-03 23:16:00.124","2021-07-03 23:41:52.000"
"123456789012","o-1a04oo4gdhip87lzm","10.30.0.5",,"10.16.0.20","3389","IPv4","TCP","5B82F046CE647DAA987F52A4BCAEA52C06168D8F","2021-07-03 22:59:58.676","2021-07-03 23:16:40.000"
"123456789012","o-6cif0wg3evk5xiw5o","209.17.97.122",,"10.146.0.33","22","IPv4","TCP","250C7EADC94AA37281BCB2BEA0FE8B4B5D2AAB19","2021-07-03 23:02:00.745","2021-07-03 23:23:44.000"
"123456789012","o-6cif0wg3evk5xiw5o","35.235.242.50",,"10.146.0.33","22","IPv4","TCP","D4983D339F79A5685893A106BFDB5AB1493BBA4B","2021-07-03 23:02:00.745","2021-07-03 23:23:44.000"
"123456789012","o-25zxbz550dvex7b59","192.168.0.200",,"192.168.0.10","22","IPv4","TCP","96B3F74512889156FBA1CBE0166BB67909D8B402","2021-07-03 23:00:56.979","2021-07-03 23:26:44.000"
"123456789012","o-25zxbz550dvex7b59","192.168.0.200",,"192.168.0.10","22","IPv4","TCP","96B3F74512889156FBA1CBE0166BB67909D8B402","2021-07-03 21:45:39.729","2021-07-03 22:11:01.000"
"123456789012","o-25zxbz550dvex7b59","192.168.0.200",,"192.168.0.10","22","IPv4","TCP","96B3F74512889156FBA1CBE0166BB67909D8B402","2021-07-03 12:28:41.791","2021-07-03 12:55:34.000"
"123456789012","o-25zxbz550dvex7b59","192.168.0.200",,"192.168.0.10","22","IPv4","TCP","96B3F74512889156FBA1CBE0166BB67909D8B402","2021-07-03 12:43:45.150","2021-07-03 13:03:07.000"
"123456789012","o-25zxbz550dvex7b59","192.168.0.200",,"192.168.0.10","22","IPv4","TCP","96B3F74512889156FBA1CBE0166BB67909D8B402","2021-07-04 01:16:22.754","2021-07-04 01:38:04.000"
"123456789012","o-25zxbz550dvex7b59","192.168.0.200",,"192.168.0.10","22","IPv4","TCP","96B3F74512889156FBA1CBE0166BB67909D8B402","2021-07-03 16:14:31.481","2021-07-03 16:39:16.000"
"123456789012","o-25zxbz550dvex7b59","192.168.0.200",,"192.168.0.10","22","IPv4","TCP","96B3F74512889156FBA1CBE0166BB67909D8B402","2021-07-03 16:29:35.194","2021-07-03 16:51:53.000"
"123456789012","o-25zxbz550dvex7b59","192.168.0.200",,"192.168.0.10","22","IPv4","TCP","96B3F74512889156FBA1CBE0166BB67909D8B402","2021-07-03 18:14:58.334","2021-07-03 18:38:58.000"
"123456789012","o-6cif0wg3evk5xiw5o","81.161.63.253",,"10.146.0.33","22","IPv4","TCP","250C7EADC94AA37281BCB2BEA0FE8B4B5D2AAB19","2021-07-04 04:18:02.517","2021-07-04 04:34:28.000"
"123456789012","o-25zxbz550dvex7b59","192.168.0.200",,"192.168.0.10","22","IPv4","TCP","96B3F74512889156FBA1CBE0166BB67909D8B402","2021-07-04 04:16:59.416","2021-07-04 04:35:42.000"
"123456789012","o-25zxbz550dvex7b59","192.168.0.200",,"192.168.0.10","22","IPv4","TCP","96B3F74512889156FBA1CBE0166BB67909D8B402","2021-07-04 04:32:02.674","2021-07-04 04:48:21.000"
"123456789012","o-25zxbz550dvex7b59","192.168.0.200",,"192.168.0.10","22","IPv4","TCP","96B3F74512889156FBA1CBE0166BB67909D8B402","2021-07-04 02:46:40.176","2021-07-04 03:04:42.000"
"123456789012","o-25zxbz550dvex7b59","192.168.0.200",,"192.168.0.10","22","IPv4","TCP","96B3F74512889156FBA1CBE0166BB67909D8B402","2021-07-04 05:02:08.842","2021-07-04 05:26:11.000"
"123456789012","o-25zxbz550dvex7b59","192.168.0.200",,"192.168.0.10","22","IPv4","TCP","96B3F74512889156FBA1CBE0166BB67909D8B402","2021-07-04 05:17:11.544","2021-07-04 05:36:17.000"
"123456789012","o-25zxbz550dvex7b59","192.168.0.200",,"192.168.0.10","22","IPv4","TCP","96B3F74512889156FBA1CBE0166BB67909D8B402","2021-07-03 12:13:38.573","2021-07-03 12:32:07.000"
"123456789012","o-25zxbz550dvex7b59","192.168.0.200",,"192.168.0.10","22","IPv4","TCP","96B3F74512889156FBA1CBE0166BB67909D8B402","2021-07-04 00:16:11.602","2021-07-04 00:32:24.000"
"123456789012","o-6cif0wg3evk5xiw5o","199.19.224.147",,"10.146.0.33","22","IPv4","TCP","2C19AC10EFA233551E85447AF794F24E8FA9545A","2021-07-04 00:17:15.340","2021-07-04 00:38:28.000"
"123456789012","o-6cif0wg3evk5xiw5o","87.241.1.186",,"10.146.0.33","22","IPv4","TCP","250C7EADC94AA37281BCB2BEA0FE8B4B5D2AAB19","2021-07-04 06:48:32.212","2021-07-04 07:12:42.000"
"123456789012","o-6cif0wg3evk5xiw5o","87.241.1.186",,"10.146.0.33","22","IPv4","TCP","78141C5D11FADDE6159D197454F6ADA287BFE9D2","2021-07-04 06:48:32.212","2021-07-04 07:12:42.000"
"123456789012","o-25zxbz550dvex7b59","192.168.0.200",,"192.168.0.10","22","IPv4","TCP","96B3F74512889156FBA1CBE0166BB67909D8B402","2021-07-04 03:31:51.409","2021-07-04 03:52:50.000"
"123456789012","o-25zxbz550dvex7b59","192.168.0.200",,"192.168.0.10","22","IPv4","TCP","96B3F74512889156FBA1CBE0166BB67909D8B402","2021-07-04 03:46:53.967","2021-07-04 04:02:56.000"
"123456789012","o-25zxbz550dvex7b59","192.168.0.200",,"192.168.0.10","22","IPv4","TCP","96B3F74512889156FBA1CBE0166BB67909D8B402","2021-07-03 14:29:09.130","2021-07-03 14:47:54.000"
"123456789012","o-6cif0wg3evk5xiw5o","143.110.184.88",,"10.146.0.33","22","IPv4","TCP","78141C5D11FADDE6159D197454F6ADA287BFE9D2","2021-07-04 08:18:49.621","2021-07-04 08:42:21.000"
"123456789012","o-25zxbz550dvex7b59","192.168.0.200",,"192.168.0.10","22","IPv4","TCP","96B3F74512889156FBA1CBE0166BB67909D8B402","2021-07-04 00:46:17.166","2021-07-04 01:10:16.000"
"123456789012","o-25zxbz550dvex7b59","192.168.0.200",,"192.168.0.10","22","IPv4","TCP","96B3F74512889156FBA1CBE0166BB67909D8B402","2021-07-04 01:01:20.140","2021-07-04 01:22:55.000"
"123456789012","o-6cif0wg3evk5xiw5o","192.241.215.98",,"10.146.0.33","22","IPv4","TCP","250C7EADC94AA37281BCB2BEA0FE8B4B5D2AAB19","2021-07-04 00:32:18.129","2021-07-04 00:53:38.000"
"123456789012","o-25zxbz550dvex7b59","192.168.0.200",,"192.168.0.10","22","IPv4","TCP","96B3F74512889156FBA1CBE0166BB67909D8B402","2021-07-04 00:31:14.332","2021-07-04 01:00:10.000"
"123456789012","o-6cif0wg3evk5xiw5o","141.98.10.203",,"10.146.0.33","22","IPv4","TCP","250C7EADC94AA37281BCB2BEA0FE8B4B5D2AAB19","2021-07-04 03:47:56.396","2021-07-04 04:14:17.000"
"123456789012","o-25zxbz550dvex7b59","192.168.0.200",,"192.168.0.10","22","IPv4","TCP","96B3F74512889156FBA1CBE0166BB67909D8B402","2021-07-04 04:01:56.802","2021-07-04 04:20:36.000"
"123456789012","o-6cif0wg3evk5xiw5o","162.142.125.37",,"10.146.0.33","22","IPv4","TCP","250C7EADC94AA37281BCB2BEA0FE8B4B5D2AAB19","2021-07-04 04:02:59.556","2021-07-04 04:24:23.000"
"123456789012","o-6cif0wg3evk5xiw5o","62.67.10.33",,"10.146.0.33","22","IPv4","TCP","250C7EADC94AA37281BCB2BEA0FE8B4B5D2AAB19","2021-07-04 04:02:59.556","2021-07-04 04:24:23.000"
"123456789012","o-25zxbz550dvex7b59","192.168.0.200",,"192.168.0.10","22","IPv4","TCP","96B3F74512889156FBA1CBE0166BB67909D8B402","2021-07-04 00:01:08.246","2021-07-04 00:17:13.000"
"123456789012","o-6cif0wg3evk5xiw5o","167.71.58.244",,"10.146.0.33","22","IPv4","TCP","2C19AC10EFA233551E85447AF794F24E8FA9545A","2021-07-04 00:02:12.305","2021-07-04 00:23:21.000"
"123456789012","o-25zxbz550dvex7b59","192.168.0.200",,"192.168.0.10","22","IPv4","TCP","96B3F74512889156FBA1CBE0166BB67909D8B402","2021-07-03 19:45:15.283","2021-07-03 20:12:24.000"
"123456789012","o-25zxbz550dvex7b59","192.168.0.200",,"192.168.0.10","22","IPv4","TCP","96B3F74512889156FBA1CBE0166BB67909D8B402","2021-07-03 20:00:17.969","2021-07-03 20:19:59.000"
"123456789012","o-25zxbz550dvex7b59","192.168.0.200",,"192.168.0.10","22","IPv4","TCP","96B3F74512889156FBA1CBE0166BB67909D8B402","2021-07-03 21:30:36.398","2021-07-03 21:48:21.000"
"123456789012","o-25zxbz550dvex7b59","192.168.0.200",,"192.168.0.10","22","IPv4","TCP","96B3F74512889156FBA1CBE0166BB67909D8B402","2021-07-03 17:44:53.089","2021-07-03 18:08:40.000"
"123456789012","o-25zxbz550dvex7b59","192.168.0.200",,"192.168.0.10","22","IPv4","TCP","96B3F74512889156FBA1CBE0166BB67909D8B402","2021-07-03 17:59:56.040","2021-07-03 18:18:47.000"
"123456789012","o-6cif0wg3evk5xiw5o","192.241.213.226",,"10.146.0.33","22","IPv4","TCP","250C7EADC94AA37281BCB2BEA0FE8B4B5D2AAB19","2021-07-04 07:33:40.821","2021-07-04 07:50:37.000"
"123456789012","o-6cif0wg3evk5xiw5o","125.64.94.144",,"10.146.0.33","22","IPv4","TCP","250C7EADC94AA37281BCB2BEA0FE8B4B5D2AAB19","2021-07-04 07:33:40.821","2021-07-04 07:50:37.000"
"123456789012","o-6cif0wg3evk5xiw5o","212.129.5.157",,"10.146.0.33","22","IPv4","TCP","250C7EADC94AA37281BCB2BEA0FE8B4B5D2AAB19","2021-07-04 07:33:40.821","2021-07-04 07:50:37.000"
"123456789012","o-25zxbz550dvex7b59","192.168.0.200",,"192.168.0.10","22","IPv4","TCP","96B3F74512889156FBA1CBE0166BB67909D8B402","2021-07-03 12:58:47.582","2021-07-03 13:16:12.000"
"123456789012","o-6cif0wg3evk5xiw5o","183.240.197.27",,"10.146.0.33","22","IPv4","TCP","250C7EADC94AA37281BCB2BEA0FE8B4B5D2AAB19","2021-07-04 07:03:35.119","2021-07-04 07:32:56.000"
"123456789012","o-6cif0wg3evk5xiw5o","87.241.1.186",,"10.146.0.33","22","IPv4","TCP","250C7EADC94AA37281BCB2BEA0FE8B4B5D2AAB19","2021-07-04 07:03:35.119","2021-07-04 07:32:56.000"
